ruleId,category,severity,security_severity,name,tags
py/asserts-tuple,reliability,error,,Asserting a tuple,"correctness,external/cwe/cwe-670,quality,reliability"
py/attribute-shadows-method,reliability,error,,Superclass attribute shadows subclass method,"correctness,quality,reliability"
py/bad-tag-filter,security,warning,7.8,Bad HTML filtering regexp,"correctness,external/cwe/cwe-020,external/cwe/cwe-116,external/cwe/cwe-185,external/cwe/cwe-186,security"
py/bind-socket-all-network-interfaces,security,error,6.5,Binding a socket to all network interfaces,"external/cwe/cwe-200,security"
py/call-to-non-callable,reliability,error,,Non-callable called,"correctness,quality,reliability"
py/call/wrong-arguments,reliability,error,,Wrong number of arguments in a call,"correctness,external/cwe/cwe-685,quality,reliability"
py/call/wrong-named-argument,reliability,error,,Wrong name for an argument in a call,"correctness,external/cwe/cwe-628,quality,reliability"
py/call/wrong-named-class-argument,reliability,error,,Wrong name for an argument in a class instantiation,"correctness,external/cwe/cwe-628,quality,reliability"
py/call/wrong-number-class-arguments,reliability,error,,Wrong number of arguments in a class instantiation,"correctness,external/cwe/cwe-685,quality,reliability"
py/catch-base-exception,reliability,recommendation,,Except block handles 'BaseException',"error-handling,external/cwe/cwe-396,quality,reliability"
py/clear-text-logging-sensitive-data,security,error,7.5,Clear-text logging of sensitive information,"external/cwe/cwe-312,external/cwe/cwe-359,external/cwe/cwe-532,security"
py/clear-text-storage-sensitive-data,security,error,7.5,Clear-text storage of sensitive information,"external/cwe/cwe-312,external/cwe/cwe-315,external/cwe/cwe-359,security"
py/client-exposed-cookie,security,warning,5.0,Sensitive cookie missing `HttpOnly` attribute,"external/cwe/cwe-1004,security"
py/code-injection,security,error,9.3,Code injection,"external/cwe/cwe-094,external/cwe/cwe-095,external/cwe/cwe-116,security"
py/command-line-injection,security,error,9.8,Uncontrolled command line,"correctness,external/cwe/cwe-078,external/cwe/cwe-088,security"
py/commented-out-code,maintainability,recommendation,,Commented-out code,"maintainability,quality,readability"
py/comparison-missing-self,reliability,warning,,Maybe missing 'self' in comparison,"correctness,external/cwe/cwe-570,external/cwe/cwe-571,quality,reliability"
py/comparison-of-constants,maintainability,warning,,Comparison of constants,"external/cwe/cwe-570,external/cwe/cwe-571,maintainability,quality,useless-code"
py/comparison-of-identical-expressions,maintainability,warning,,Comparison of identical values,"external/cwe/cwe-570,external/cwe/cwe-571,maintainability,quality,readability"
py/comparison-using-is,reliability,warning,,Comparison using is when operands support `__eq__`,"correctness,quality,reliability"
py/conflicting-attributes,reliability,warning,,Conflicting attributes in base classes,"correctness,quality,reliability"
py/constant-conditional-expression,maintainability,warning,,Constant in conditional expression or statement,"external/cwe/cwe-561,external/cwe/cwe-570,external/cwe/cwe-571,maintainability,quality,useless-code"
py/cookie-injection,security,warning,5.0,Construction of a cookie using user-supplied input,"external/cwe/cwe-020,security"
py/csrf-protection-disabled,security,warning,8.8,CSRF protection weakened or disabled,"external/cwe/cwe-352,security"
py/cyclic-import,maintainability,recommendation,,Cyclic import,"maintainability,modularity,reliability"
py/deprecated-slice-method,maintainability,warning,,Deprecated slice method,maintainability
py/duplicate-key-dict-literal,maintainability,warning,,Duplicate key in dict literal,"external/cwe/cwe-561,maintainability,quality,useless-code"
py/empty-except,reliability,recommendation,,Empty except,"error-handling,external/cwe/cwe-390,quality,reliability"
py/encoding-error,reliability,error,,Encoding error,"correctness,quality,reliability"
py/equals-hash-mismatch,reliability,warning,,Inconsistent equality and hashing,"correctness,external/cwe/cwe-581,quality,reliability"
py/exit-from-finally,maintainability,warning,,'break' or 'return' statement in finally,"correctness,error-handling,external/cwe/cwe-584,maintainability,quality,reliability"
py/explicit-call-to-delete,reliability,warning,,`__del__` is called explicitly,"correctness,quality,reliability"
py/explicit-return-in-init,reliability,error,,`__init__` method returns a value,"correctness,quality,reliability"
py/file-not-closed,reliability,warning,,File is not always closed,"correctness,external/cwe/cwe-772,performance,quality,reliability"
py/flask-debug,security,error,7.5,Flask app is run in debug mode,"external/cwe/cwe-215,external/cwe/cwe-489,security"
py/full-ssrf,security,error,9.1,Full server-side request forgery,"external/cwe/cwe-918,security"
py/hash-unhashable-value,reliability,error,,Unhashable object hashed,"correctness,quality,reliability"
py/http-response-splitting,security,error,6.1,HTTP Response Splitting,"external/cwe/cwe-079,external/cwe/cwe-113,security"
py/illegal-raise,reliability,error,,Illegal raise,"error-handling,quality,reliability"
py/implicit-string-concatenation-in-list,maintainability,warning,,Implicit string concatenation in a list,"external/cwe/cwe-665,maintainability,quality,readability"
py/import-and-import-from,maintainability,recommendation,,Module is imported with 'import' and 'import from',"maintainability,quality,readability"
py/import-deprecated-module,maintainability,warning,,Import of deprecated module,"external/cwe/cwe-477,maintainability"
py/import-of-mutable-attribute,maintainability,warning,,Importing value of mutable attribute,"correctness,maintainability,modularity,quality,reliability"
py/import-own-module,maintainability,recommendation,,Module imports itself,"maintainability,quality,useless-code"
py/imprecise-assert,maintainability,recommendation,,Imprecise assert,"maintainability,quality,readability"
py/incomplete-hostname-regexp,security,warning,7.8,Incomplete regular expression for hostnames,"correctness,external/cwe/cwe-020,security"
py/incomplete-ordering,reliability,warning,,Incomplete ordering,"correctness,quality,reliability"
py/incomplete-url-substring-sanitization,security,warning,7.8,Incomplete URL substring sanitization,"correctness,external/cwe/cwe-020,security"
py/inconsistent-equality,reliability,warning,,Inconsistent equality and inequality,"correctness,quality,reliability"
py/inconsistent-mro,reliability,error,,Inconsistent method resolution order,"correctness,quality,reliability"
py/ineffectual-statement,maintainability,recommendation,,Statement has no effect,"external/cwe/cwe-561,maintainability,quality,useless-code"
py/inheritance/incorrect-overridden-signature,reliability,recommendation,,Mismatch between signature and use of an overridden method,"correctness,quality,reliability"
py/inheritance/incorrect-overriding-signature,reliability,error,,Mismatch between signature and use of an overriding method,"correctness,quality,reliability"
py/inheritance/signature-mismatch,reliability,warning,,Signature mismatch in overriding method,"correctness,quality,reliability"
py/init-calls-subclass,reliability,warning,,`__init__` method calls overridden method,"correctness,quality,reliability"
py/init-method-is-generator,reliability,error,,`__init__` method is a generator,"correctness,quality,reliability"
py/insecure-cookie,security,warning,5.0,Failure to use secure cookies,"external/cwe/cwe-1004,external/cwe/cwe-1275,external/cwe/cwe-614,security"
py/insecure-default-protocol,security,warning,7.5,Default version of SSL/TLS may be insecure,"external/cwe/cwe-327,security"
py/insecure-protocol,security,warning,7.5,Use of insecure SSL/TLS version,"external/cwe/cwe-327,security"
py/insecure-temporary-file,security,error,7.0,Insecure temporary file,"external/cwe/cwe-377,security"
py/iter-returns-non-iterator,reliability,error,,`__iter__` method returns a non-iterator,"correctness,quality,reliability"
py/iter-returns-non-self,reliability,error,,Iterator does not return self from `__iter__` method,"correctness,quality,reliability"
py/iteration-string-and-sequence,reliability,error,,Iterable can be either a string or a sequence,"correctness,quality,reliability"
py/jinja2/autoescape-false,security,error,7.8,Jinja2 templating with autoescape=False,"external/cwe/cwe-079,security"
py/ldap-injection,security,error,9.8,LDAP query built from user-controlled sources,"external/cwe/cwe-090,security"
py/leaking-list-comprehension,reliability,warning,,List comprehension variable used in enclosing scope,"correctness,portability"
py/log-injection,security,error,6.1,Log Injection,"external/cwe/cwe-117,security"
py/loop-variable-capture,reliability,error,,Loop variable capture,"correctness,quality,reliability"
py/member-test-non-container,reliability,error,,Membership test with a non-container,"correctness,quality,reliability"
py/mismatched-multiple-assignment,reliability,error,,Mismatch in multiple assignment,"correctness,quality,reliability"
py/missing-call-to-delete,reliability,error,,Missing call to superclass `__del__` during object destruction,"correctness,performance,quality,reliability"
py/missing-call-to-init,reliability,error,,Missing call to superclass `__init__` during object initialization,"correctness,quality,reliability"
py/missing-equals,reliability,warning,,`__eq__` not overridden when adding attributes,"correctness,quality,reliability"
py/mixed-returns,reliability,recommendation,,Explicit returns mixed with implicit (fall through) returns,"correctness,quality,reliability"
py/mixed-tuple-returns,reliability,recommendation,,Returning tuples with varying lengths,"correctness,quality,reliability"
py/modification-of-default-value,reliability,error,,Modification of parameter with default,"correctness,quality,reliability"
py/modification-of-locals,reliability,warning,,Modification of dictionary returned by locals(),"correctness,quality,reliability"
py/multiple-calls-to-delete,reliability,warning,,Multiple calls to `__del__` during object destruction,"correctness,quality,reliability"
py/multiple-calls-to-init,reliability,warning,,Multiple calls to `__init__` during object initialization,"correctness,quality,reliability"
py/multiple-definition,maintainability,warning,,Variable defined multiple times,"external/cwe/cwe-563,maintainability,quality,useless-code"
py/mutable-descriptor,reliability,error,,Mutation of descriptor in `__get__` or `__set__` method,"correctness,quality,reliability"
py/nested-loops-with-same-variable,maintainability,recommendation,,Nested loops with same variable,"maintainability,quality,readability"
py/nested-loops-with-same-variable-reused,reliability,error,,Nested loops with same variable reused after inner loop body,"correctness,quality,reliability"
py/non-iterable-in-for-loop,reliability,error,,Non-iterable used in for loop,"correctness,quality,reliability"
py/nosql-injection,security,error,8.8,NoSQL Injection,"external/cwe/cwe-943,security"
py/not-named-cls,maintainability,recommendation,,First parameter of a class method is not named 'cls',"convention,maintainability,quality,readability"
py/not-named-self,maintainability,recommendation,,First parameter of a method is not named 'self',"convention,maintainability,quality,readability"
py/old-style-octal-literal,other,recommendation,,Confusing octal literal,readability
py/overly-complex-delete,maintainability,recommendation,,Overly complex `__del__` method,"complexity,maintainability,quality"
py/overly-large-range,security,warning,4.0,Overly permissive regular expression range,"correctness,external/cwe/cwe-020,security"
py/overly-permissive-file,security,warning,7.8,Overly permissive file permissions,"external/cwe/cwe-732,security"
py/overwritten-inherited-attribute,maintainability,warning,,Overwriting attribute in super-class or sub-class,"correctness,maintainability,modularity,quality,reliability"
py/pam-auth-bypass,security,warning,8.1,PAM authorization bypass due to incorrect usage,"external/cwe/cwe-285,security"
py/paramiko-missing-host-key-validation,security,error,7.5,Accepting unknown SSH host keys when using Paramiko,"external/cwe/cwe-295,security"
py/partial-ssrf,security,error,9.1,Partial server-side request forgery,"external/cwe/cwe-918,security"
py/path-injection,security,error,7.5,Uncontrolled data used in path expression,"correctness,external/cwe/cwe-022,external/cwe/cwe-023,external/cwe/cwe-036,external/cwe/cwe-073,external/cwe/cwe-099,security"
py/percent-format/not-mapping,reliability,error,,Formatted object is not a mapping,"correctness,quality,reliability"
py/percent-format/unsupported-character,reliability,error,,Unsupported format character,"correctness,quality,reliability"
py/percent-format/wrong-arguments,reliability,error,,Wrong number of arguments for format,"correctness,external/cwe/cwe-685,quality,reliability"
py/polluting-import,maintainability,recommendation,,'import *' may pollute namespace,"maintainability,quality,readability"
py/polynomial-redos,security,warning,7.5,Polynomial regular expression used on uncontrolled data,"external/cwe/cwe-1333,external/cwe/cwe-400,external/cwe/cwe-730,security"
py/print-during-import,reliability,recommendation,,Use of a print statement at module level,"correctness,quality,reliability"
py/procedure-return-value-used,maintainability,warning,,Use of the return value of a procedure,"maintainability,quality,readability"
py/property-in-old-style-class,reliability,error,,Property in old-style class,"correctness,portability"
py/pythagorean,other,warning,,Pythagorean calculation with sub-optimal numerics,accuracy
py/raise-not-implemented,reliability,warning,,Raising `NotImplemented`,"error-handling,quality,reliability"
py/raises-tuple,maintainability,warning,,Raising a tuple,maintainability
py/redos,security,error,7.5,Inefficient regular expression,"external/cwe/cwe-1333,external/cwe/cwe-400,external/cwe/cwe-730,security"
py/redundant-assignment,reliability,error,,Redundant assignment,"correctness,external/cwe/cwe-563,quality,reliability"
py/redundant-comparison,maintainability,warning,,Redundant comparison,"external/cwe/cwe-561,external/cwe/cwe-570,external/cwe/cwe-571,maintainability,quality,useless-code"
py/redundant-else,maintainability,warning,,Unnecessary 'else' clause in loop,"maintainability,quality,useless-code"
py/redundant-global-declaration,maintainability,warning,,Use of 'global' at module level,"maintainability,quality,useless-code"
py/reflective-xss,security,error,7.8,Reflected server-side cross-site scripting,"external/cwe/cwe-079,external/cwe/cwe-116,security"
py/regex-injection,security,error,7.5,Regular expression injection,"external/cwe/cwe-400,external/cwe/cwe-730,security"
py/regex/backspace-escape,maintainability,recommendation,,Backspace escape in regular expression,"maintainability,quality,readability"
py/regex/duplicate-in-character-class,maintainability,warning,,Duplication in regular expression character class,"maintainability,quality,readability"
py/regex/incomplete-special-group,reliability,warning,,Missing part of special group in regular expression,"correctness,quality,reliability"
py/regex/unmatchable-caret,reliability,error,,Unmatchable caret in regular expression,"correctness,quality,reliability"
py/regex/unmatchable-dollar,reliability,error,,Unmatchable dollar in regular expression,"correctness,quality,reliability"
py/repeated-import,maintainability,recommendation,,Module is imported more than once,"maintainability,quality,useless-code"
py/request-without-cert-validation,security,error,7.5,Request without certificate validation,"external/cwe/cwe-295,security"
py/return-or-yield-outside-function,reliability,error,,Use of 'return' or 'yield' outside a function,"correctness,quality,reliability"
py/samesite-none-cookie,security,warning,4.0,Sensitive cookie with `SameSite` attribute set to `None`,"external/cwe/cwe-1275,security"
py/shell-command-constructed-from-input,security,error,6.3,Unsafe shell command constructed from library input,"correctness,external/cwe/cwe-073,external/cwe/cwe-078,external/cwe/cwe-088,security"
py/should-use-with,maintainability,recommendation,,Should use a 'with' statement,"maintainability,quality,readability"
py/side-effect-in-assert,reliability,error,,An assert statement has a side-effect,"correctness,quality,reliability"
py/slots-in-old-style-class,reliability,error,,`__slots__` in old-style class,"correctness,portability"
py/special-method-wrong-signature,reliability,error,,Special method has incorrect signature,"correctness,quality,reliability"
py/sql-injection,security,error,8.8,SQL query built from user-controlled sources,"external/cwe/cwe-089,security"
py/stack-trace-exposure,security,error,5.4,Information exposure through an exception,"external/cwe/cwe-209,external/cwe/cwe-497,security"
py/str-format/missing-argument,reliability,error,,Too few arguments in formatting call,"correctness,quality,reliability"
py/str-format/missing-named-argument,reliability,error,,Missing named arguments in formatting call,"correctness,quality,reliability"
py/str-format/mixed-fields,reliability,error,,Formatting string mixes implicitly and explicitly numbered fields,"correctness,quality,reliability"
py/str-format/surplus-argument,maintainability,warning,,Unused argument in a formatting call,"maintainability,quality,useless-code"
py/str-format/surplus-named-argument,maintainability,warning,,Unused named argument in formatting call,"maintainability,quality,useless-code"
py/summary/lines-of-code,other,,,Total lines of Python code in the database,"summary,telemetry"
py/summary/lines-of-user-code,other,,,Total lines of user written Python code in the database,"debug,lines-of-code,summary"
py/super-in-old-style,reliability,error,,'super' in old style class,"correctness,portability"
py/super-not-enclosing-class,reliability,error,,First argument to super() is not enclosing class,"correctness,external/cwe/cwe-687,quality,reliability"
py/syntax-error,reliability,error,,Syntax error,"correctness,quality,reliability"
py/tarslip,security,error,7.5,Arbitrary file write during tarfile extraction,"external/cwe/cwe-022,security"
py/template-injection,security,error,9.3,Server Side Template Injection,"external/cwe/cwe-074,security"
py/test-equals-none,reliability,recommendation,,Testing equality to None,"correctness,performance,quality,reliability"
py/truncated-division,maintainability,warning,,Result of integer division may be truncated,"correctness,maintainability"
py/undefined-export,reliability,error,,Explicit export is not defined,"correctness,quality,reliability"
py/undefined-placeholder-variable,reliability,error,,Use of an undefined placeholder variable,"correctness,quality,reliability"
py/unexpected-raise-in-special-method,reliability,recommendation,,Non-standard exception raised in special method,"error-handling,quality,reliability"
py/unguarded-next-in-generator,maintainability,warning,,Unguarded next in generator,"maintainability,portability"
py/uninitialized-local-variable,reliability,error,,Potentially uninitialized local variable,"correctness,quality,reliability"
py/unnecessary-delete,maintainability,warning,,Unnecessary delete statement in function,"maintainability,useless-code"
py/unnecessary-lambda,maintainability,recommendation,,Unnecessary lambda,"maintainability,quality,useless-code"
py/unnecessary-pass,maintainability,warning,,Unnecessary pass,"maintainability,quality,useless-code"
py/unreachable-except,reliability,error,,Unreachable `except` block,"error-handling,external/cwe/cwe-561,quality,reliability"
py/unreachable-statement,maintainability,warning,,Unreachable code,"external/cwe/cwe-561,maintainability,quality,useless-code"
py/unsafe-cyclic-import,reliability,error,,Module-level cyclic import,"correctness,reliability,types"
py/unsafe-deserialization,security,error,9.8,Deserialization of user-controlled data,"external/cwe/cwe-502,security,serialization"
py/unused-exception-object,reliability,error,,Unused exception object,"error-handling,quality,reliability"
py/unused-global-variable,maintainability,recommendation,,Unused global variable,"external/cwe/cwe-563,maintainability,quality,useless-code"
py/unused-import,maintainability,recommendation,,Unused import,"maintainability,quality,useless-code"
py/unused-local-variable,maintainability,recommendation,,Unused local variable,"external/cwe/cwe-563,maintainability,quality,useless-code"
py/unused-loop-variable,reliability,error,,Suspicious unused loop iteration variable,"correctness,quality,reliability"
py/url-redirection,security,error,6.1,URL redirection from remote source,"external/cwe/cwe-601,security"
py/use-of-apply,maintainability,warning,,'apply' function used,maintainability
py/use-of-exit-or-quit,reliability,warning,,Use of exit() or quit(),"correctness,quality,reliability"
py/use-of-input,security,error,9.8,'input' function used in Python 2,"correctness,external/cwe/cwe-094,external/cwe/cwe-095,security"
py/useless-except,reliability,error,,Non-exception in 'except' clause,"error-handling,quality,reliability"
py/weak-crypto-key,security,error,7.5,Use of weak cryptographic key,"external/cwe/cwe-326,security"
py/weak-cryptographic-algorithm,security,warning,7.5,Use of a broken or weak cryptographic algorithm,"external/cwe/cwe-327,security"
py/weak-sensitive-data-hashing,security,warning,7.5,Use of a broken or weak cryptographic hashing algorithm on sensitive data,"external/cwe/cwe-327,external/cwe/cwe-328,external/cwe/cwe-916,security"
py/xml-bomb,security,warning,7.5,XML internal entity expansion,"external/cwe/cwe-400,external/cwe/cwe-776,security"
py/xpath-injection,security,error,9.8,XPath query built from user-controlled sources,"external/cwe/cwe-643,security"
py/xxe,security,error,9.1,XML external entity expansion,"external/cwe/cwe-611,external/cwe/cwe-827,security"
