path,size_bytes,sha256
results/01_resolved_sets_summary.txt,355,8ac5d72f9ab9d01c21a09a0df7c6b934e539dd60c15d4f718837217f90e54de7
results/02_matched_static_summary.txt,726,fbd3fa7fe206c89601d990dc3997941c3ae1a6ac9215fd99e3ed82202949328e
results/03_matched_dynamic_summary.txt,787,56073d2ed8d473b6a9a1e73ebbc89e1226f4d42a4494ce60f20c2151057f234a
results/04_matched_patterns_summary.txt,1157,4d0a1a9dc2884e86dee331fb0e13555e54f233a652d7abf3b7b147b8705503e0
results/05_selection_bias_summary.txt,1792,97298855ce5053bbe72412f8adc92c218f55efd68a55746c00704b8ab8bdd6c8
results/06_patch_size_summary.txt,1121,c1d82a16e836095920f5b97d380cc8db54c12ebed59f7ac45c3ae179b92ac8a9
results/all_four_issue_pattern_prevalence.csv,18360,1622c795f5fdad1d7663df78718d81314fbc4aad69264162d22437f3bcccd238
results/codeql_pattern_presence_long.csv,69294,1ed520eb38c690fad2be9922398d31d7408e96b623ced11af00b62c8548e4e5a
results/codescene_pattern_presence_long.csv,32626,054d1dca4ac659da5fdc7f5db9f69e53edf9e8fdcf73bce017827e22d2f2e06f
results/dynamic_run_variability.csv,468,104f509a464cd1e1ce96dad9b1ad85b10211912af494612d95fcf95aef275269
results/environment.json,406,d9961b7fe5e445a144afca6843e050c66e087a1e0bce7971969914ecd194557b
results/matched_dynamic_pairs.csv,30934,2ccf1eaa15039c9c485d6dced3a8fc921664703fdd2c68643559661e24bb75a1
results/matched_dynamic_performance.csv,1650,47920e263137fccee62b4c849aa2710721271680cc5d7082db96769a737ec4ca
results/matched_issue_pattern_statistics.csv,19642,98d3104b101a1c7475be0d08202ddbe8202f33c1802aa0ab7e65c9ce7cccbe4e
results/matched_patch_size.csv,817,a8b0b0aa55040d5ee84da1713c50875e95bcff307489a41a08561262accea95f
results/matched_patch_size_pairs.csv,18949,be92ea0a1af0f40368e68ac68116c0fc36af077bb13876da85e4b582d34e5b8f
results/matched_static_quality.csv,733,406d019434d1342d2c790f26e5d40428030acc94118ac8801b4872c3199402ca
results/matched_static_quality_pairs.csv,21711,f7fd80a9f4af302a451e7da9839dbf64d96997c27ba5a978bff6b01141346bd6
results/patch_size_normalized_descriptive.csv,318,ccdba32f7b017acd3ac74eb67521bcd47325c7d597da8b5f8c0fad83894f6e70
results/patch_size_quality_associations.csv,1676,7c191ceed3960a29496a3a73f9e83bcd0d5dfeae7558bd0cd5ffbd6139a44312
results/patch_size_quality_merged.csv,74232,8b6ff048d96557b94e62896e7b1e64c0b0b2430b7fd847702df319e478a0310b
results/resolved_overlap_summary.csv,232,1f0f6ecc64b193a3f4cf05d82c03846b68dd8dd7a0ee5d38b969d8cb766963d0
results/resolved_set_membership.csv,6384,5bfc2215299d523fa894d695ba2811877a9a3b49c8140611403301008b1c7564
results/selection_bias_tests.csv,1823,76be052244527025877ca013d6d3a591ecd1c088fa2a09c8bda30b3e5f57dd5d
results/selection_group_descriptive.csv,398,849c53921cabbc0b841b85acef3553a9d2d861c1b1fc3c50d3bef4f1f651da4a
results/selection_group_instance_features.csv,21473,ea2929a472e5fe4cd0dd3e5814b10c3f56ead8835edea101a94868626b5c5dc9
results/selection_group_repository_distribution.csv,1318,d51348d45aa5a0a040cd49380b088365c30e06724a0697d16919e00d9e093de9
figures/fig_matched_dynamic_performance.png,64683,965db7cb52ddf59f475f42ae9d12334b92cb216c4c03025d1969cced320de097
figures/fig_matched_issue_patterns.png,384673,c49037ecf56eab703cf227a1ab5651269c39b1c970da4cb033951836cea9dd7d
figures/fig_matched_static_quality.png,144805,6eec6f98ad41d062be79c4bbf3ae22c9667a1f52224e71aef87ed39660d7ef04
figures/fig_overall_direction_share.png,121968,41061ee430872b6b949c5aaa67d875cd2ffd28c1ae7b13c8012a7f15333b0c56
figures/fig_patch_size_associations.png,266690,9ddb1d4f837a30a23ee88c851583cb066880a644be30b894af2dbfac97057714
figures/fig_resolved_overlap.png,78744,757d0b6e8b33556bb572a049be4052aff29efea6da0ffcfba86eb0b00b493ad7
figures/fig_selection_bias.png,120640,a574d3a4e8157b687c4501f41bc7cdba64aaef19a7b3144b5681b0dd204d1880
